{
	"productvariations": [{
			"productid": "williams-sonoma-solid-apron",
			"variationid": "french-blue",
			"imageurl": "french-blue-small.jpg",
			"OrderId": 1
		},
		{
			"productid": "williams-sonoma-solid-apron",
			"variationid": "graphite-stripe",
			"imageurl": "graphite-stripe-small.jpg",
			"orderid": 2
		},
		{
			"productid": "williams-sonoma-solid-apron",
			"variationid": "green-stripe",
			"imageurl": "green-stripe-small.jpg",
			"orderid": 3
		},
		{
			"productid": "williams-sonoma-solid-apron",
			"variationid": "red-stripe",
			"imageurl": "red-stripe-small.jpg",
			"orderid": 4
		}

	]
}