{
    "products" : 
        [
            {
                "productid":"williams-sonoma-solid-apron",
                "variationid":"french-blue",
		"title":"Williams-Sonoma Classic Apron, French Blue",
                "imagename": "french-blue-large.jpg",
                "breadcrumb":"home/homekeeping/aprons/adult aprons",
                "price":"$19.95",
                "saleprice": "",
                "description":"A generously sized apron is a necessity in any kitchen, and ours will brighten yours with lively color. Sewn of thick cotton, it can be personalized or monogrammed with up to nine characters, all the same height, embroidered in your choice of color. An apron of this quality makes a welcome gift for any cook.<ul><li>Durable 100% cotton construction.<\/li><li>Adjustable neckband ensures a good fit.<\/li><li>Roomy front pockets hold small tools.<\/li><li>Machine-wash.<\/li><\/ul>",
                "expandables" : [
                    {
                        "heading": "Summary",
                        "content": "This is where summary info will go",
                        "order": 1
                    },
                    {
                        "heading":"DIMENSIONS & MORE INFO",
                        "content":"This will be dimension and other info",
                        "order": 2
                    },
                    {
                        "heading":"SHIPPING",
                        "content":"Shipping details",
                        "order": 2
                    }
                ]
            },
            {
                "productid":"williams-sonoma-solid-apron",
                "variationid":"graphite-stripe",
		"title":"Williams-Sonoma Classic Apron, Striped Graphite",
                "imagename": "graphite-stripe-large.jpg",
                "breadcrumb":"home/homekeeping/aprons/adult aprons",
                "price":"$29.95",
                "saleprice": "",
                "description":"Description for graphite to go here",
               "expandables" : [
                    {
                        "heading": "Expanded",
                        "content": "This section is expanded",
                        "order": 1
                    },
                    {
                        "heading":"Collapsed",
                        "content":"This heading is collapsed",
                        "order": 2
                    },
                    {
                        "heading":"Collapsed",
                        "content":"This heading is collapsed",
                        "order": 2
                    }
                ]
            },
            {
                "productid":"williams-sonoma-solid-apron",
                "variationid":"green-stripe",
		"title":"Williams-Sonoma Classic Apron, Striped Green",
                "imagename": "green-stripe-large.jpg",
                "breadcrumb":"home/homekeeping/aprons/adult aprons",
                "price":"$29.95",
                "description":"Description for green to go here",
               "expandables" : [
                    {
                        "heading": "Expanded",
                        "content": "This section is expanded",
                        "order": 1
                    },
                    {
                        "heading":"Collapsed",
                        "content":"This heading is collapsed",
                        "order": 2
                    },
                    {
                        "heading":"Collapsed",
                        "content":"This heading is collapsed",
                        "order": 2
                    }
                ]
            },
            {
                "productid":"williams-sonoma-solid-apron",
                "variationid":"red-stripe",
		"title":"Williams-Sonoma Classic Apron, Striped Red",
                "imagename": "red-stripe-large.jpg",
                "breadcrumb":"home/homekeeping/aprons/adult aprons",
                "price":"$19.95",
                "saleprice": "",
                "description":"Description for red to go here",
               "expandables" : [
                    {
                        "heading": "Expanded",
                        "content": "This section is expanded",
                        "order": 1
                    },
                    {
                        "heading":"Collapsed",
                        "content":"This heading is collapsed",
                        "order": 2
                    },
                    {
                        "heading":"Collapsed",
                        "content":"This heading is collapsed",
                        "order": 2
                    }
                ]
            }
        ]
}